scenario,sample,status,latency_ms,returned_products
full_catalog,1,200,68.44246800005749,600
full_catalog,2,200,291.5954769999871,600
full_catalog,3,200,99.57081499999276,600
full_catalog,4,200,127.90299499999946,600
full_catalog,5,200,137.1230930000138,600
full_catalog,6,200,168.21849900009056,600
full_catalog,7,200,234.7858540000516,600
full_catalog,8,200,263.1193390000135,600
full_catalog,9,200,315.98868600008245,600
full_catalog,10,200,183.7053960000503,600
full_catalog,11,200,135.15408599994316,600
full_catalog,12,200,231.80647100002716,600
full_catalog,13,200,252.57547399996838,600
full_catalog,14,200,307.90030000002844,600
full_catalog,15,200,191.81520699999055,600
full_catalog,16,200,272.58520600003067,600
full_catalog,17,200,188.90896300001714,600
full_catalog,18,200,174.01628899995103,600
full_catalog,19,200,262.2512299999471,600
full_catalog,20,200,250.1764579999417,600
full_catalog,21,200,184.32482600007916,600
full_catalog,22,200,139.8053619999473,600
full_catalog,23,200,275.70933100003003,600
full_catalog,24,200,165.8573830000023,600
full_catalog,25,200,183.11404100006712,600
full_catalog,26,200,153.59534100002747,600
full_catalog,27,200,210.1139559999865,600
full_catalog,28,200,168.31016599996929,600
full_catalog,29,200,312.08328699995036,600
full_catalog,30,200,374.1769529999601,600
full_catalog,31,200,283.8353570000436,600
full_catalog,32,200,335.10666799998035,600
full_catalog,33,200,195.19521499989878,600
full_catalog,34,200,216.2175839999918,600
full_catalog,35,200,329.83066599990707,600
full_catalog,36,200,258.96308500000487,600
full_catalog,37,200,236.59004000001005,600
full_catalog,38,200,210.67595600004552,600
full_catalog,39,200,199.64003699999466,600
full_catalog,40,200,203.80089600007523,600
full_catalog,41,200,211.43949999998313,600
full_catalog,42,200,206.7936500000087,600
full_catalog,43,200,125.81735399999161,600
full_catalog,44,200,284.23473199995897,600
full_catalog,45,200,164.73069300002408,600
full_catalog,46,200,234.5296410001083,600
full_catalog,47,200,194.84846699992886,600
full_catalog,48,200,183.64451299999018,600
full_catalog,49,200,231.73313999996026,600
full_catalog,50,200,149.53097700004037,600
full_catalog,51,200,129.27920799995718,600
full_catalog,52,200,201.06115999999474,600
full_catalog,53,200,211.43814100003056,600
full_catalog,54,200,156.97157700003572,600
full_catalog,55,200,194.65319699997963,600
full_catalog,56,200,260.5735419999746,600
full_catalog,57,200,201.87605300009182,600
full_catalog,58,200,197.5918409999622,600
full_catalog,59,200,215.0645380000924,600
full_catalog,60,200,268.195363000018,600
full_catalog,61,200,219.89310699996167,600
full_catalog,62,200,194.73651900000277,600
full_catalog,63,200,166.0578409999971,600
full_catalog,64,200,222.96474000006583,600
full_catalog,65,200,218.18831899997804,600
full_catalog,66,200,153.22654400006286,600
full_catalog,67,200,336.82258199996795,600
full_catalog,68,200,245.47595500007446,600
full_catalog,69,200,171.4764229999446,600
full_catalog,70,200,193.82476100008716,600
full_catalog,71,200,155.88255500006198,600
full_catalog,72,200,215.33031100000244,600
full_catalog,73,200,170.19701300000634,600
full_catalog,74,200,200.28189499998916,600
full_catalog,75,200,162.83679799994388,600
full_catalog,76,200,168.21157200001835,600
full_catalog,77,200,165.14198200002284,600
full_catalog,78,200,178.63319000002775,600
full_catalog,79,200,175.27544200004286,600
full_catalog,80,200,208.0906879999702,600
full_catalog,81,200,216.94296900000154,600
full_catalog,82,200,192.0131299999639,600
full_catalog,83,200,222.62976599995454,600
full_catalog,84,200,148.10058500006562,600
full_catalog,85,200,224.0085050000289,600
full_catalog,86,200,199.29701900002783,600
full_catalog,87,200,151.14605899998423,600
full_catalog,88,200,172.82621000003928,600
full_catalog,89,200,190.25986199994804,600
full_catalog,90,200,222.96380199998111,600
full_catalog,91,200,151.25830500005577,600
full_catalog,92,200,166.97703099998762,600
full_catalog,93,200,142.98630299992965,600
full_catalog,94,200,246.43893400002526,600
full_catalog,95,200,167.57297799995285,600
full_catalog,96,200,158.57205699990118,600
full_catalog,97,200,163.44452299995282,600
full_catalog,98,200,166.74175800005742,600
full_catalog,99,200,170.80053999995926,600
full_catalog,100,200,197.54966499999682,600
full_catalog,101,200,223.64723299995148,600
full_catalog,102,200,147.04691399992953,600
full_catalog,103,200,193.40302800003428,600
full_catalog,104,200,113.07358099998055,600
full_catalog,105,200,151.05161200006023,600
full_catalog,106,200,173.38495199999215,600
full_catalog,107,200,178.89905200001976,600
full_catalog,108,200,171.71331099996223,600
full_catalog,109,200,197.03060999995614,600
full_catalog,110,200,188.1141150000758,600
full_catalog,111,200,152.9027929999529,600
full_catalog,112,200,180.49520099998517,600
full_catalog,113,200,168.31698800001504,600
full_catalog,114,200,212.05866000002516,600
full_catalog,115,200,127.3024599998962,600
full_catalog,116,200,179.82341300000826,600
full_catalog,117,200,233.90440600007878,600
full_catalog,118,200,160.78217500000846,600
full_catalog,119,200,256.47339399995417,600
full_catalog,120,200,245.01075200009836,600
full_catalog,121,200,214.75264299999708,600
full_catalog,122,200,206.683159000022,600
full_catalog,123,200,119.3118600000389,600
full_catalog,124,200,140.55015600001752,600
full_catalog,125,200,246.93831400009003,600
full_catalog,126,200,146.96328999991692,600
full_catalog,127,200,200.41148200004955,600
full_catalog,128,200,147.62909699993543,600
full_catalog,129,200,311.3917200000742,600
full_catalog,130,200,330.03466100001333,600
full_catalog,131,200,232.59395100001257,600
full_catalog,132,200,169.17553499990845,600
full_catalog,133,200,198.91082699996332,600
full_catalog,134,200,178.247185000032,600
full_catalog,135,200,235.3357759999426,600
full_catalog,136,200,228.58888799999022,600
full_catalog,137,200,255.2541499999279,600
full_catalog,138,200,179.9603819999902,600
full_catalog,139,200,142.41965100006837,600
full_catalog,140,200,213.69025700005295,600
full_catalog,141,200,238.86062999997648,600
full_catalog,142,200,220.13786700006222,600
full_catalog,143,200,279.9007600000323,600
full_catalog,144,200,158.258270000033,600
full_catalog,145,200,212.49688900002184,600
full_catalog,146,200,185.10532400000557,600
full_catalog,147,200,245.5828660000634,600
full_catalog,148,200,133.93677199997,600
full_catalog,149,200,205.98802799997884,600
full_catalog,150,200,121.07705099992927,600
full_catalog,151,200,150.9344369999326,600
full_catalog,152,200,184.58119299998543,600
full_catalog,153,200,152.49274500001775,600
full_catalog,154,200,199.31295399999271,600
full_catalog,155,200,249.55455799999982,600
full_catalog,156,200,284.7211360000301,600
full_catalog,157,200,235.27967200004696,600
full_catalog,158,200,158.76350999997157,600
full_catalog,159,200,199.4793669999808,600
full_catalog,160,200,147.33351699999275,600
full_catalog,161,200,149.22612500004107,600
full_catalog,162,200,167.95168299995566,600
full_catalog,163,200,186.03553999992073,600
full_catalog,164,200,158.03936199995405,600
full_catalog,165,200,207.22447699995428,600
full_catalog,166,200,295.52442500005327,600
full_catalog,167,200,105.54691700008334,600
full_catalog,168,200,147.55490700008522,600
full_catalog,169,200,123.14010400007191,600
full_catalog,170,200,158.60520299997916,600
full_catalog,171,200,210.1146790000712,600
full_catalog,172,200,181.85812599995188,600
full_catalog,173,200,216.46374199997354,600
full_catalog,174,200,150.3271090000453,600
full_catalog,175,200,166.11649699996178,600
full_catalog,176,200,158.0963140000904,600
full_catalog,177,200,195.90014900006736,600
full_catalog,178,200,205.40471100002833,600
full_catalog,179,200,145.54266300001473,600
full_catalog,180,200,168.94772000000557,600
full_catalog,181,200,183.33747700000913,600
full_catalog,182,200,353.91991500000586,600
full_catalog,183,200,297.80142600009185,600
full_catalog,184,200,140.85116800004016,600
full_catalog,185,200,233.31156299991562,600
full_catalog,186,200,153.70966199998293,600
full_catalog,187,200,286.7567620000955,600
full_catalog,188,200,293.4701210000412,600
full_catalog,189,200,115.17153900001631,600
full_catalog,190,200,260.535826000023,600
full_catalog,191,200,191.20061800003896,600
full_catalog,192,200,228.5013360000221,600
full_catalog,193,200,136.34475399999246,600
full_catalog,194,200,274.78904800000237,600
full_catalog,195,200,206.54696799999783,600
full_catalog,196,200,138.84358200004954,600
full_catalog,197,200,139.95756999997866,600
full_catalog,198,200,276.67313300003116,600
full_catalog,199,200,311.7530089999718,600
full_catalog,200,200,312.82767300001524,600
full_catalog,201,200,193.03538799999842,600
full_catalog,202,200,256.6470990000198,600
full_catalog,203,200,224.5404980000103,600
full_catalog,204,200,154.70662799998536,600
full_catalog,205,200,189.14388399991822,600
full_catalog,206,200,167.44474799997988,600
full_catalog,207,200,192.96234199998707,600
full_catalog,208,200,182.88095200000498,600
full_catalog,209,200,270.61378199994124,600
full_catalog,210,200,210.62284399999953,600
full_catalog,211,200,215.04584100000557,600
full_catalog,212,200,110.08153299997048,600
full_catalog,213,200,248.1274519999488,600
full_catalog,214,200,248.42299199997342,600
full_catalog,215,200,145.62017000002925,600
full_catalog,216,200,108.40601899997182,600
full_catalog,217,200,273.51555199993527,600
full_catalog,218,200,277.1146370000679,600
full_catalog,219,200,170.7005340000478,600
full_catalog,220,200,209.02456900000743,600
full_catalog,221,200,153.9113889999726,600
full_catalog,222,200,207.64342400002533,600
full_catalog,223,200,243.86984600005235,600
full_catalog,224,200,179.28221900001517,600
full_catalog,225,200,176.00231500000518,600
full_catalog,226,200,164.83686499998385,600
full_catalog,227,200,170.82772599997043,600
full_catalog,228,200,292.1061609999924,600
full_catalog,229,200,221.79823999999826,600
full_catalog,230,200,251.73269900005835,600
full_catalog,231,200,311.57966600005693,600
full_catalog,232,200,373.30959500002336,600
full_catalog,233,200,402.0585859999528,600
full_catalog,234,200,234.67149800001152,600
full_catalog,235,200,234.67113399999562,600
full_catalog,236,200,391.1061480000626,600
full_catalog,237,200,268.08748399992055,600
full_catalog,238,200,207.48695400004635,600
full_catalog,239,200,206.80319899997812,600
full_catalog,240,200,232.12976100001015,600
full_catalog,241,200,224.73553500003618,600
full_catalog,242,200,225.25177099998928,600
full_catalog,243,200,239.65307000003122,600
full_catalog,244,200,153.38273200006824,600
full_catalog,245,200,165.17244600004233,600
full_catalog,246,200,183.4307039999885,600
full_catalog,247,200,224.21031900000798,600
full_catalog,248,200,188.29730499999187,600
full_catalog,249,200,233.4505920000538,600
full_catalog,250,200,128.87920999992275,600
full_catalog,251,200,246.082738000041,600
full_catalog,252,200,276.7871889999469,600
full_catalog,253,200,231.03337100008048,600
full_catalog,254,200,109.99556399997346,600
full_catalog,255,200,169.07465700001012,600
full_catalog,256,200,187.26545599997735,600
full_catalog,257,200,215.71552299997165,600
full_catalog,258,200,161.0030229999211,600
full_catalog,259,200,197.52073500001188,600
full_catalog,260,200,341.2042890000748,600
full_catalog,261,200,212.52316599998267,600
full_catalog,262,200,131.23137900004167,600
full_catalog,263,200,212.95299999997042,600
full_catalog,264,200,211.44928400008212,600
full_catalog,265,200,253.8311910000175,600
full_catalog,266,200,224.65070900000228,600
full_catalog,267,200,218.32766300008188,600
full_catalog,268,200,257.1905270000343,600
full_catalog,269,200,188.37381399998776,600
full_catalog,270,200,200.73527800002466,600
full_catalog,271,200,190.8085970000002,600
full_catalog,272,200,263.19481200005157,600
full_catalog,273,200,168.15585299991653,600
full_catalog,274,200,163.80104799998207,600
full_catalog,275,200,260.18062299999656,600
full_catalog,276,200,232.7471940000123,600
full_catalog,277,200,180.99325000002864,600
full_catalog,278,200,266.46390899998096,600
full_catalog,279,200,242.75981699997828,600
full_catalog,280,200,275.38975799996024,600
full_catalog,281,200,327.5664709999546,600
full_catalog,282,200,205.17921700002262,600
full_catalog,283,200,192.68447799993282,600
full_catalog,284,200,272.7973009999687,600
full_catalog,285,200,167.169536000074,600
full_catalog,286,200,250.39478899998358,600
full_catalog,287,200,171.08440399999836,600
full_catalog,288,200,343.10123000000203,600
full_catalog,289,200,254.7866070000282,600
full_catalog,290,200,258.9387140000099,600
full_catalog,291,200,246.00268000006054,600
full_catalog,292,200,305.72918500001833,600
full_catalog,293,200,230.15584900008434,600
full_catalog,294,200,100.93437499995161,600
full_catalog,295,200,256.60871799993856,600
full_catalog,296,200,169.8801889999686,600
full_catalog,297,200,188.30534799997167,600
full_catalog,298,200,163.041016999955,600
full_catalog,299,200,153.71989200002645,600
full_catalog,300,200,127.97985299994252,600
four_facets,1,200,63.88697600004889,50
four_facets,2,200,34.29247700000815,50
four_facets,3,200,45.588519000034466,50
four_facets,4,200,64.91035300007297,50
four_facets,5,200,65.14095700003963,50
four_facets,6,200,45.39800300005936,50
four_facets,7,200,57.387918000017635,50
four_facets,8,200,62.20129799999086,50
four_facets,9,200,47.56183800009239,50
four_facets,10,200,59.049810000033176,50
four_facets,11,200,65.86898499995186,50
four_facets,12,200,89.00864500003536,50
four_facets,13,200,50.391595000064626,50
four_facets,14,200,63.37832700000945,50
four_facets,15,200,49.35078000005433,50
four_facets,16,200,55.069322999997894,50
four_facets,17,200,72.6978949999193,50
four_facets,18,200,58.8165060000847,50
four_facets,19,200,69.79521499999919,50
four_facets,20,200,56.505829999991875,50
four_facets,21,200,44.98385800002325,50
four_facets,22,200,62.717109999994136,50
four_facets,23,200,76.97708900002453,50
four_facets,24,200,61.61890800001402,50
four_facets,25,200,54.34922699998879,50
four_facets,26,200,67.19201299995348,50
four_facets,27,200,74.61726500002897,50
four_facets,28,200,51.42537800008995,50
four_facets,29,200,59.699276999936046,50
four_facets,30,200,51.60812300005091,50
four_facets,31,200,53.71500900002957,50
four_facets,32,200,55.39594499998657,50
four_facets,33,200,68.51219099996797,50
four_facets,34,200,96.02033600003779,50
four_facets,35,200,60.77696599993487,50
four_facets,36,200,88.37540999991234,50
four_facets,37,200,60.29351899996982,50
four_facets,38,200,39.21164899998075,50
four_facets,39,200,73.60687700008839,50
four_facets,40,200,80.80327599998327,50
four_facets,41,200,71.57750900000792,50
four_facets,42,200,58.512815999961276,50
four_facets,43,200,56.04011600007652,50
four_facets,44,200,65.78851100005068,50
four_facets,45,200,70.31447800000024,50
four_facets,46,200,79.53614600000947,50
four_facets,47,200,54.034331000025304,50
four_facets,48,200,78.56536999997843,50
four_facets,49,200,65.60490999993362,50
four_facets,50,200,60.21964600006413,50
four_facets,51,200,60.079904999952305,50
four_facets,52,200,64.69746300001589,50
four_facets,53,200,55.892361000019264,50
four_facets,54,200,50.439095000001544,50
four_facets,55,200,55.80373799989502,50
four_facets,56,200,64.50449099997968,50
four_facets,57,200,63.75262999995357,50
four_facets,58,200,49.59904500003631,50
four_facets,59,200,31.508680000001732,50
four_facets,60,200,52.415956999993796,50
four_facets,61,200,45.57843600002798,50
four_facets,62,200,46.85757400000057,50
four_facets,63,200,44.58812699999726,50
four_facets,64,200,38.818063000007896,50
four_facets,65,200,36.912966000045344,50
four_facets,66,200,37.63840900001014,50
four_facets,67,200,48.15286500002003,50
four_facets,68,200,52.58955600004356,50
four_facets,69,200,65.02229500006251,50
four_facets,70,200,47.545598999931826,50
four_facets,71,200,40.74109700002282,50
four_facets,72,200,57.625554999958695,50
four_facets,73,200,53.47273499990024,50
four_facets,74,200,18.581842000003235,50
four_facets,75,200,51.84239800007617,50
four_facets,76,200,50.525407999998606,50
four_facets,77,200,48.11196299999665,50
four_facets,78,200,43.56557200003408,50
four_facets,79,200,38.48086200002854,50
four_facets,80,200,56.09156499997425,50
four_facets,81,200,63.503959000058785,50
four_facets,82,200,66.45890300001156,50
four_facets,83,200,54.518220999966616,50
four_facets,84,200,63.4956260000763,50
four_facets,85,200,53.91916999997193,50
four_facets,86,200,46.96663200002149,50
four_facets,87,200,57.27685700003349,50
four_facets,88,200,54.297560999998495,50
four_facets,89,200,50.164099999960854,50
four_facets,90,200,46.018267000022206,50
four_facets,91,200,65.22946699999466,50
four_facets,92,200,52.0435500000076,50
four_facets,93,200,55.15478500001336,50
four_facets,94,200,55.59107900000981,50
four_facets,95,200,58.616058999973575,50
four_facets,96,200,50.72272799998245,50
four_facets,97,200,48.71819200002392,50
four_facets,98,200,52.424907000045096,50
four_facets,99,200,50.36700000005112,50
four_facets,100,200,39.54648400008409,50
four_facets,101,200,61.572074999958204,50
four_facets,102,200,58.291722000035406,50
four_facets,103,200,43.8425060000327,50
four_facets,104,200,58.454917999938516,50
four_facets,105,200,58.548358999928496,50
four_facets,106,200,59.27715400002853,50
four_facets,107,200,36.916131999987556,50
four_facets,108,200,45.979998999996496,50
four_facets,109,200,50.43417799993222,50
four_facets,110,200,48.32616700002745,50
four_facets,111,200,45.896958999946946,50
four_facets,112,200,40.443357000071956,50
four_facets,113,200,42.59724799999276,50
four_facets,114,200,41.0915610000302,50
four_facets,115,200,38.47136000001683,50
four_facets,116,200,47.657188000016504,50
four_facets,117,200,42.96852699997089,50
four_facets,118,200,33.879121999916606,50
four_facets,119,200,36.75383799998144,50
four_facets,120,200,41.12955499999771,50
four_facets,121,200,37.83293000003596,50
four_facets,122,200,54.629457000032744,50
four_facets,123,200,51.60513400005584,50
four_facets,124,200,46.28505599998789,50
four_facets,125,200,49.168654000027345,50
four_facets,126,200,33.674097000016445,50
four_facets,127,200,41.89397799996186,50
four_facets,128,200,51.105860999996366,50
four_facets,129,200,48.896012000000155,50
four_facets,130,200,48.41177599996627,50
four_facets,131,200,46.12667499998224,50
four_facets,132,200,60.93168199993215,50
four_facets,133,200,45.76051000003645,50
four_facets,134,200,46.691927999972904,50
four_facets,135,200,47.83299400003216,50
four_facets,136,200,42.28340700001354,50
four_facets,137,200,33.477021000067,50
four_facets,138,200,36.91899900002227,50
four_facets,139,200,43.14403000000766,50
four_facets,140,200,43.85525200007123,50
four_facets,141,200,44.41096599998673,50
four_facets,142,200,51.63286100003006,50
four_facets,143,200,42.25348599993595,50
four_facets,144,200,53.940644000022075,50
four_facets,145,200,51.302021999958924,50
four_facets,146,200,54.67572200006998,50
four_facets,147,200,52.740929000037795,50
four_facets,148,200,49.83533500001158,50
four_facets,149,200,40.67269600000145,50
four_facets,150,200,42.039894000026834,50
four_facets,151,200,38.35578499990788,50
four_facets,152,200,44.98355300006551,50
four_facets,153,200,45.9345869999197,50
four_facets,154,200,47.93748500003403,50
four_facets,155,200,69.65774899992994,50
four_facets,156,200,46.40874699998676,50
four_facets,157,200,49.676167000029636,50
four_facets,158,200,56.97504199997638,50
four_facets,159,200,63.509306000014476,50
four_facets,160,200,47.51761600005011,50
four_facets,161,200,48.490506999996796,50
four_facets,162,200,55.984860999956254,50
four_facets,163,200,64.91491499991753,50
four_facets,164,200,49.43588900005125,50
four_facets,165,200,49.500910000006115,50
four_facets,166,200,53.908428999989155,50
four_facets,167,200,49.897439999995186,50
four_facets,168,200,40.47997099996792,50
four_facets,169,200,41.623501999993096,50
four_facets,170,200,35.85697500000151,50
four_facets,171,200,37.302933999967536,50
four_facets,172,200,44.965706999960275,50
four_facets,173,200,47.834332999968865,50
four_facets,174,200,49.684515000080864,50
four_facets,175,200,19.95338900007937,50
four_facets,176,200,50.911101999986386,50
four_facets,177,200,47.52961700000924,50
four_facets,178,200,49.828329999968446,50
four_facets,179,200,42.4095909999096,50
four_facets,180,200,48.32518699993216,50
four_facets,181,200,37.62931900007516,50
four_facets,182,200,30.84706399999959,50
four_facets,183,200,45.902040999976634,50
four_facets,184,200,55.368817000044146,50
four_facets,185,200,45.39839100004883,50
four_facets,186,200,42.101662000050055,50
four_facets,187,200,45.11220400002003,50
four_facets,188,200,36.72174200005429,50
four_facets,189,200,45.56221999996524,50
four_facets,190,200,40.46535399993445,50
four_facets,191,200,43.94785099998444,50
four_facets,192,200,43.32786599991323,50
four_facets,193,200,45.30710200003796,50
four_facets,194,200,57.80809299994871,50
four_facets,195,200,51.514498999949865,50
four_facets,196,200,50.70963399998618,50
four_facets,197,200,53.37477700004456,50
four_facets,198,200,52.97620500004996,50
four_facets,199,200,53.4250929999871,50
four_facets,200,200,38.59944699991047,50
four_facets,201,200,32.36875000004602,50
four_facets,202,200,30.506217999914043,50
four_facets,203,200,50.355130999946596,50
four_facets,204,200,51.000842999997076,50
four_facets,205,200,54.72980100000768,50
four_facets,206,200,38.10181599999396,50
four_facets,207,200,63.456639000037285,50
four_facets,208,200,48.57888699996238,50
four_facets,209,200,56.55279400002655,50
four_facets,210,200,53.7868650000064,50
four_facets,211,200,65.71676099997603,50
four_facets,212,200,47.75647200006006,50
four_facets,213,200,39.6986470000229,50
four_facets,214,200,63.24811500007854,50
four_facets,215,200,62.15900799998053,50
four_facets,216,200,52.28982400001314,50
four_facets,217,200,47.81942700003583,50
four_facets,218,200,47.25028099994688,50
four_facets,219,200,46.180591999927856,50
four_facets,220,200,34.61337499993533,50
four_facets,221,200,42.457954000042264,50
four_facets,222,200,31.106590000035794,50
four_facets,223,200,35.89929800000391,50
four_facets,224,200,60.001308999972025,50
four_facets,225,200,60.045392999995784,50
four_facets,226,200,50.64087499999914,50
four_facets,227,200,55.72904999996808,50
four_facets,228,200,55.646013000000494,50
four_facets,229,200,41.41922999997405,50
four_facets,230,200,44.50197099993147,50
four_facets,231,200,54.60889899995891,50
four_facets,232,200,61.20050199990601,50
four_facets,233,200,58.048303000077794,50
four_facets,234,200,56.01362400000198,50
four_facets,235,200,44.54923899993446,50
four_facets,236,200,58.20340100001431,50
four_facets,237,200,71.70895200010818,50
four_facets,238,200,51.85199200002444,50
four_facets,239,200,41.2073899999541,50
four_facets,240,200,49.01942100002543,50
four_facets,241,200,55.39601999998922,50
four_facets,242,200,58.27979899993352,50
four_facets,243,200,48.137302000100135,50
four_facets,244,200,54.297004000090965,50
four_facets,245,200,45.19405400003507,50
four_facets,246,200,59.530372999915926,50
four_facets,247,200,41.97940799997468,50
four_facets,248,200,54.29069199999503,50
four_facets,249,200,36.89317700002448,50
four_facets,250,200,40.49979699993855,50
four_facets,251,200,58.474809999893296,50
four_facets,252,200,59.942644999978256,50
four_facets,253,200,61.77656799991382,50
four_facets,254,200,49.10686400000941,50
four_facets,255,200,53.089399999976195,50
four_facets,256,200,43.33176500006175,50
four_facets,257,200,41.509936000011294,50
four_facets,258,200,37.22653300008005,50
four_facets,259,200,37.21663300007094,50
four_facets,260,200,34.44009500003631,50
four_facets,261,200,54.48110900010761,50
four_facets,262,200,48.19774999998572,50
four_facets,263,200,49.07467700002144,50
four_facets,264,200,49.53841300005024,50
four_facets,265,200,34.136990999968475,50
four_facets,266,200,43.10860599991884,50
four_facets,267,200,47.79171300003782,50
four_facets,268,200,60.57980100001714,50
four_facets,269,200,44.97475100004067,50
four_facets,270,200,46.017491999919,50
four_facets,271,200,54.83616100002564,50
four_facets,272,200,42.64621400000124,50
four_facets,273,200,42.7794359999325,50
four_facets,274,200,52.162634000069374,50
four_facets,275,200,48.70245300003262,50
four_facets,276,200,43.96449999990182,50
four_facets,277,200,43.846104999943236,50
four_facets,278,200,50.13468399999965,50
four_facets,279,200,37.70370400002321,50
four_facets,280,200,52.57512899993344,50
four_facets,281,200,59.734542000001056,50
four_facets,282,200,24.14698799998405,50
four_facets,283,200,43.412614999965626,50
four_facets,284,200,47.75256699997499,50
four_facets,285,200,57.60134299998754,50
four_facets,286,200,46.002474000033544,50
four_facets,287,200,49.31992399997398,50
four_facets,288,200,37.8319950000332,50
four_facets,289,200,40.614135000055285,50
four_facets,290,200,42.50331000002916,50
four_facets,291,200,38.788560999933,50
four_facets,292,200,51.40715699997145,50
four_facets,293,200,45.766219000029196,50
four_facets,294,200,53.308149000031335,50
four_facets,295,200,48.19623799994588,50
four_facets,296,200,48.86957399992298,50
four_facets,297,200,42.715048999980354,50
four_facets,298,200,45.031483999991906,50
four_facets,299,200,41.002345000038076,50
four_facets,300,200,35.35550900005546,50
root_category,1,200,64.79784699990887,204
root_category,2,200,79.33648999994602,204
root_category,3,200,48.04247300000952,204
root_category,4,200,49.22118900003625,204
root_category,5,200,102.59287899998526,204
root_category,6,200,84.58157199993366,204
root_category,7,200,92.51258699998743,204
root_category,8,200,86.86748800005262,204
root_category,9,200,122.60083399996802,204
root_category,10,200,127.03391599995939,204
root_category,11,200,114.43539200001851,204
root_category,12,200,95.31776699998318,204
root_category,13,200,93.94644100007099,204
root_category,14,200,112.01222600004712,204
root_category,15,200,94.78877800006558,204
root_category,16,200,83.15136600003825,204
root_category,17,200,98.5030709999819,204
root_category,18,200,68.78358799997386,204
root_category,19,200,88.12412800000402,204
root_category,20,200,66.39877299994623,204
root_category,21,200,67.16037199998937,204
root_category,22,200,67.34278900000845,204
root_category,23,200,79.62413099994592,204
root_category,24,200,77.93323300006705,204
root_category,25,200,85.3385809999736,204
root_category,26,200,92.09089399996628,204
root_category,27,200,64.88476099991658,204
root_category,28,200,87.35077300002558,204
root_category,29,200,104.43248800004312,204
root_category,30,200,75.85443500011024,204
root_category,31,200,100.57058199993207,204
root_category,32,200,75.78161699996144,204
root_category,33,200,97.60625899991737,204
root_category,34,200,134.31938200005789,204
root_category,35,200,87.82876500004022,204
root_category,36,200,83.4646899999143,204
root_category,37,200,79.77767799991398,204
root_category,38,200,83.39846100000159,204
root_category,39,200,90.82950899994557,204
root_category,40,200,95.20039300002736,204
root_category,41,200,71.24525200003973,204
root_category,42,200,70.38265899996077,204
root_category,43,200,111.11685899993518,204
root_category,44,200,130.92973100003746,204
root_category,45,200,110.33996200001184,204
root_category,46,200,148.39885000003505,204
root_category,47,200,139.17958699994415,204
root_category,48,200,157.55776399998922,204
root_category,49,200,136.6492180000023,204
root_category,50,200,115.60726899995188,204
root_category,51,200,134.32036799997604,204
root_category,52,200,118.09902400000283,204
root_category,53,200,86.60072399993624,204
root_category,54,200,71.79012000005969,204
root_category,55,200,67.50759599992762,204
root_category,56,200,88.55714799994985,204
root_category,57,200,70.84574900000007,204
root_category,58,200,52.88605100008681,204
root_category,59,200,69.20727499993973,204
root_category,60,200,68.16198599995005,204
root_category,61,200,97.54370399991785,204
root_category,62,200,66.75359899998057,204
root_category,63,200,82.64539499998591,204
root_category,64,200,66.73677000003408,204
root_category,65,200,67.39757899993037,204
root_category,66,200,69.94874400004392,204
root_category,67,200,59.9420140000575,204
root_category,68,200,56.88958499990804,204
root_category,69,200,70.87158699994234,204
root_category,70,200,72.02641399999266,204
root_category,71,200,78.1540440000299,204
root_category,72,200,63.56909400005861,204
root_category,73,200,66.98232500002632,204
root_category,74,200,55.33259400010593,204
root_category,75,200,82.28873399991699,204
root_category,76,200,65.05477199993948,204
root_category,77,200,65.77072699997188,204
root_category,78,200,95.15319299998737,204
root_category,79,200,101.21558399998776,204
root_category,80,200,47.31125199998587,204
root_category,81,200,58.84637500003009,204
root_category,82,200,53.18232700005865,204
root_category,83,200,84.65069900000799,204
root_category,84,200,65.28636899997764,204
root_category,85,200,49.89942500003508,204
root_category,86,200,47.577257999932954,204
root_category,87,200,64.24555799992504,204
root_category,88,200,65.5547569999726,204
root_category,89,200,80.40222499994343,204
root_category,90,200,82.3108700000148,204
root_category,91,200,86.05036100004781,204
root_category,92,200,57.42796399999861,204
root_category,93,200,81.18545899992569,204
root_category,94,200,72.50281400001768,204
root_category,95,200,58.69870300000457,204
root_category,96,200,51.0478429999921,204
root_category,97,200,59.11363799998526,204
root_category,98,200,51.96210999997675,204
root_category,99,200,45.6743339999548,204
root_category,100,200,72.67036199993981,204
root_category,101,200,79.76572299992313,204
root_category,102,200,90.22628900004293,204
root_category,103,200,86.9590209999842,204
root_category,104,200,81.16261299994676,204
root_category,105,200,92.74456399998598,204
root_category,106,200,75.4969220000703,204
root_category,107,200,82.35353500003839,204
root_category,108,200,55.50832399990213,204
root_category,109,200,75.46383099997911,204
root_category,110,200,56.37733200001094,204
root_category,111,200,55.28017100004945,204
root_category,112,200,70.27292099996885,204
root_category,113,200,97.16367500004708,204
root_category,114,200,79.8899449999908,204
root_category,115,200,89.72407999999632,204
root_category,116,200,91.08627900002375,204
root_category,117,200,105.21452600005432,204
root_category,118,200,83.06327700006477,204
root_category,119,200,78.67882899995493,204
root_category,120,200,74.40425600009348,204
root_category,121,200,60.87345200000982,204
root_category,122,200,63.485714999956144,204
root_category,123,200,103.51009900000463,204
root_category,124,200,64.99522800004343,204
root_category,125,200,79.5255250000082,204
root_category,126,200,94.59967999998753,204
root_category,127,200,60.7757700000775,204
root_category,128,200,111.11797699993531,204
root_category,129,200,83.51601300000766,204
root_category,130,200,94.99299399999472,204
root_category,131,200,92.7791020000086,204
root_category,132,200,86.53817800006891,204
root_category,133,200,61.0483049999857,204
root_category,134,200,75.36748999996234,204
root_category,135,200,84.11443700003929,204
root_category,136,200,104.48629099994378,204
root_category,137,200,63.577747000067575,204
root_category,138,200,79.08823099990059,204
root_category,139,200,101.39815400009411,204
root_category,140,200,107.6224320000847,204
root_category,141,200,80.22187200003827,204
root_category,142,200,98.79945500006215,204
root_category,143,200,67.8786849999824,204
root_category,144,200,103.24351400004161,204
root_category,145,200,80.64107699999568,204
root_category,146,200,66.17293800002244,204
root_category,147,200,72.6170179999599,204
root_category,148,200,79.1288049999821,204
root_category,149,200,69.63211100003264,204
root_category,150,200,69.84925100005057,204
root_category,151,200,83.67847399995298,204
root_category,152,200,58.768853999936255,204
root_category,153,200,80.79551899993476,204
root_category,154,200,52.6154230000202,204
root_category,155,200,65.14044799996555,204
root_category,156,200,63.756769000065106,204
root_category,157,200,83.8118400000667,204
root_category,158,200,56.20929799999885,204
root_category,159,200,85.53193199998077,204
root_category,160,200,63.90292900005079,204
root_category,161,200,69.2879029999176,204
root_category,162,200,43.291181000086,204
root_category,163,200,57.927348000021084,204
root_category,164,200,65.33242399996197,204
root_category,165,200,50.085737000017616,204
root_category,166,200,52.80669900002977,204
root_category,167,200,41.78039099997477,204
root_category,168,200,47.4087510000345,204
root_category,169,200,58.6050009999326,204
root_category,170,200,84.02239999998073,204
root_category,171,200,60.78442099999393,204
root_category,172,200,65.32426800004032,204
root_category,173,200,63.888022000014644,204
root_category,174,200,72.5593500000059,204
root_category,175,200,79.15769500004899,204
root_category,176,200,66.98167900003682,204
root_category,177,200,73.5671720000255,204
root_category,178,200,64.79495799999313,204
root_category,179,200,48.536276999925576,204
root_category,180,200,63.5358949999727,204
root_category,181,200,67.6210120000178,204
root_category,182,200,71.91173599994727,204
root_category,183,200,75.75890499992965,204
root_category,184,200,64.1313620000119,204
root_category,185,200,71.63566999997784,204
root_category,186,200,64.85874600002717,204
root_category,187,200,76.7830759999697,204
root_category,188,200,84.66809800006558,204
root_category,189,200,58.37622599995029,204
root_category,190,200,69.95830599998953,204
root_category,191,200,76.34527199991226,204
root_category,192,200,57.81395500002873,204
root_category,193,200,69.27732200006176,204
root_category,194,200,77.98411499993563,204
root_category,195,200,68.67126800000278,204
root_category,196,200,59.594158999971114,204
root_category,197,200,68.03966299992226,204
root_category,198,200,66.64037500001996,204
root_category,199,200,80.184675000055,204
root_category,200,200,68.71392200002902,204
root_category,201,200,78.19376499992359,204
root_category,202,200,63.97882800001753,204
root_category,203,200,70.27204999997139,204
root_category,204,200,89.9023939999779,204
root_category,205,200,66.5131119999387,204
root_category,206,200,63.44511200006764,204
root_category,207,200,72.6607230000127,204
root_category,208,200,54.06291899998905,204
root_category,209,200,58.49955600001522,204
root_category,210,200,62.49480799999674,204
root_category,211,200,60.24118899995301,204
root_category,212,200,74.99281799994151,204
root_category,213,200,85.31244699997842,204
root_category,214,200,57.53275799997937,204
root_category,215,200,71.22354399996311,204
root_category,216,200,67.89882400005354,204
root_category,217,200,77.69069599999057,204
root_category,218,200,59.0426410000191,204
root_category,219,200,55.03421100002015,204
root_category,220,200,68.04926600000272,204
root_category,221,200,65.13313200002813,204
root_category,222,200,72.51097000005302,204
root_category,223,200,58.936783000035575,204
root_category,224,200,80.81945100002486,204
root_category,225,200,75.41943800003992,204
root_category,226,200,73.7632579999854,204
root_category,227,200,63.04424799998287,204
root_category,228,200,63.306323999995584,204
root_category,229,200,60.61488900002132,204
root_category,230,200,63.80026499994074,204
root_category,231,200,79.90055599998414,204
root_category,232,200,55.744328000059795,204
root_category,233,200,68.60058099994149,204
root_category,234,200,68.59679499996219,204
root_category,235,200,74.60588100002497,204
root_category,236,200,70.36824300007538,204
root_category,237,200,74.0463820000059,204
root_category,238,200,60.615640000037274,204
root_category,239,200,70.60903599995072,204
root_category,240,200,78.87066299997514,204
root_category,241,200,60.50992699999824,204
root_category,242,200,72.96899400000711,204
root_category,243,200,71.31057000003693,204
root_category,244,200,68.95086800000172,204
root_category,245,200,82.6864939999723,204
root_category,246,200,83.76318900002389,204
root_category,247,200,79.23631099993145,204
root_category,248,200,73.64603799999259,204
root_category,249,200,57.58467200007544,204
root_category,250,200,67.57650800000192,204
root_category,251,200,51.84806700003719,204
root_category,252,200,73.78725099999883,204
root_category,253,200,67.91559800001323,204
root_category,254,200,86.96820199998001,204
root_category,255,200,66.9315860000097,204
root_category,256,200,83.70477399989795,204
root_category,257,200,65.02067800010991,204
root_category,258,200,64.1282860000274,204
root_category,259,200,63.35284600004343,204
root_category,260,200,74.46556899992629,204
root_category,261,200,70.27246899997408,204
root_category,262,200,52.73327500003688,204
root_category,263,200,65.73803100002351,204
root_category,264,200,121.82127599999149,204
root_category,265,200,93.23168599996734,204
root_category,266,200,86.51071500003127,204
root_category,267,200,62.85607899997103,204
root_category,268,200,103.31377399995745,204
root_category,269,200,71.16700300002776,204
root_category,270,200,101.60130999997818,204
root_category,271,200,84.49833299994225,204
root_category,272,200,85.72441199999048,204
root_category,273,200,70.45044200003758,204
root_category,274,200,66.41822500000671,204
root_category,275,200,96.68722300000354,204
root_category,276,200,66.7520729999751,204
root_category,277,200,82.17756800002007,204
root_category,278,200,69.6759470000643,204
root_category,279,200,62.15952299999117,204
root_category,280,200,105.32973099998344,204
root_category,281,200,59.05773299991779,204
root_category,282,200,73.4394629999997,204
root_category,283,200,88.85426599999846,204
root_category,284,200,79.49851000000763,204
root_category,285,200,68.00217500006056,204
root_category,286,200,56.09067199998208,204
root_category,287,200,65.74939899996934,204
root_category,288,200,60.41458299989699,204
root_category,289,200,77.95905599994057,204
root_category,290,200,67.79269799994836,204
root_category,291,200,54.33620700000574,204
root_category,292,200,72.60357899997416,204
root_category,293,200,48.30186999993202,204
root_category,294,200,57.690352000008716,204
root_category,295,200,66.3332999999966,204
root_category,296,200,65.05078299994693,204
root_category,297,200,56.52346399995167,204
root_category,298,200,60.35288700002184,204
root_category,299,200,41.59781600003498,204
root_category,300,200,48.17599800003336,204
literal_search,1,200,40.039352000007966,103
literal_search,2,200,48.65654499997163,103
literal_search,3,200,52.30880099998103,103
literal_search,4,200,29.309512000054383,103
literal_search,5,200,40.95352500007721,103
literal_search,6,200,55.173315999923034,103
literal_search,7,200,45.33983999999691,103
literal_search,8,200,44.99534199999289,103
literal_search,9,200,49.321995000013885,103
literal_search,10,200,55.164217999958964,103
literal_search,11,200,40.48541500003466,103
literal_search,12,200,39.94599299994661,103
literal_search,13,200,58.7148670000488,103
literal_search,14,200,54.11836799999037,103
literal_search,15,200,66.74105100000816,103
literal_search,16,200,61.76207900000463,103
literal_search,17,200,56.76008699992963,103
literal_search,18,200,58.712962999948104,103
literal_search,19,200,48.905841000078,103
literal_search,20,200,44.43663400002151,103
literal_search,21,200,45.33827900002052,103
literal_search,22,200,24.807015999954274,103
literal_search,23,200,66.96804099999554,103
literal_search,24,200,61.085582000032446,103
literal_search,25,200,39.799610000045504,103
literal_search,26,200,44.43267700003162,103
literal_search,27,200,54.570805999901495,103
literal_search,28,200,66.16996200000358,103
literal_search,29,200,62.38416700000471,103
literal_search,30,200,47.5643880000689,103
literal_search,31,200,50.76519800002188,103
literal_search,32,200,62.339075999943816,103
literal_search,33,200,39.14251799994872,103
literal_search,34,200,47.19761000001199,103
literal_search,35,200,51.77248500001497,103
literal_search,36,200,77.90048799995475,103
literal_search,37,200,58.920779000004586,103
literal_search,38,200,58.19849600004545,103
literal_search,39,200,53.25433200005136,103
literal_search,40,200,67.27148499999203,103
literal_search,41,200,50.17934600004992,103
literal_search,42,200,59.059366000042246,103
literal_search,43,200,62.81567899998208,103
literal_search,44,200,53.59395999994376,103
literal_search,45,200,39.56157700008589,103
literal_search,46,200,57.0928439999534,103
literal_search,47,200,71.73345000001063,103
literal_search,48,200,64.2525810000052,103
literal_search,49,200,57.249176000027546,103
literal_search,50,200,48.37017600004856,103
literal_search,51,200,50.899593000053756,103
literal_search,52,200,45.59752199998002,103
literal_search,53,200,52.09813299995858,103
literal_search,54,200,55.35190099999454,103
literal_search,55,200,51.44682599996031,103
literal_search,56,200,49.92670299998281,103
literal_search,57,200,55.115220999937264,103
literal_search,58,200,80.30699599999025,103
literal_search,59,200,70.71064400008709,103
literal_search,60,200,86.4612830000624,103
literal_search,61,200,65.62406800003373,103
literal_search,62,200,53.31926700000622,103
literal_search,63,200,75.10241399995721,103
literal_search,64,200,49.015437999969436,103
literal_search,65,200,66.26909499993872,103
literal_search,66,200,47.1623250000448,103
literal_search,67,200,38.96158700001706,103
literal_search,68,200,52.75086199992529,103
literal_search,69,200,53.98318699997162,103
literal_search,70,200,58.49151899997196,103
literal_search,71,200,77.05197300003874,103
literal_search,72,200,63.316115000020545,103
literal_search,73,200,55.32484499997281,103
literal_search,74,200,67.92927000003601,103
literal_search,75,200,59.10326699995494,103
literal_search,76,200,63.94193399989945,103
literal_search,77,200,52.7614640000138,103
literal_search,78,200,56.536496000035186,103
literal_search,79,200,73.99625599998672,103
literal_search,80,200,82.98451600001044,103
literal_search,81,200,42.38788800000748,103
literal_search,82,200,34.22856499992122,103
literal_search,83,200,52.972688999943784,103
literal_search,84,200,48.766172999989976,103
literal_search,85,200,57.63802899991788,103
literal_search,86,200,53.43686700007311,103
literal_search,87,200,31.6370000000461,103
literal_search,88,200,43.6266680000017,103
literal_search,89,200,38.63076099992213,103
literal_search,90,200,42.078443000036714,103
literal_search,91,200,41.011228999991545,103
literal_search,92,200,70.45448899998519,103
literal_search,93,200,75.76417600000696,103
literal_search,94,200,73.22188499995264,103
literal_search,95,200,46.41585899992151,103
literal_search,96,200,47.306582000032904,103
literal_search,97,200,56.9598560000486,103
literal_search,98,200,38.30330799996773,103
literal_search,99,200,63.16723399993407,103
literal_search,100,200,48.772777000067435,103
literal_search,101,200,54.00940399999854,103
literal_search,102,200,57.87892399996508,103
literal_search,103,200,46.36673499999233,103
literal_search,104,200,86.25304899999264,103
literal_search,105,200,49.31329999999434,103
literal_search,106,200,64.57387600005404,103
literal_search,107,200,69.58351200000834,103
literal_search,108,200,39.325934999965284,103
literal_search,109,200,39.112737999971614,103
literal_search,110,200,64.92315599996346,103
literal_search,111,200,62.985776999994414,103
literal_search,112,200,55.29476100002739,103
literal_search,113,200,46.59403499999826,103
literal_search,114,200,41.34780300000784,103
literal_search,115,200,41.12655500000528,103
literal_search,116,200,40.90579700005037,103
literal_search,117,200,65.48485799999071,103
literal_search,118,200,61.04146499990293,103
literal_search,119,200,65.48789199996463,103
literal_search,120,200,39.24114999995254,103
literal_search,121,200,81.82856399992033,103
literal_search,122,200,63.22967500000232,103
literal_search,123,200,41.76991600002111,103
literal_search,124,200,59.1034370000898,103
literal_search,125,200,64.03843000009601,103
literal_search,126,200,53.61432100005459,103
literal_search,127,200,48.501411999950506,103
literal_search,128,200,50.826809999989564,103
literal_search,129,200,81.91665799995462,103
literal_search,130,200,68.91573400002926,103
literal_search,131,200,53.55756299991299,103
literal_search,132,200,57.962159999988216,103
literal_search,133,200,66.81664000007004,103
literal_search,134,200,68.69343300002129,103
literal_search,135,200,63.92582199998742,103
literal_search,136,200,21.43209600001228,103
literal_search,137,200,73.6390009999468,103
literal_search,138,200,54.4931889999134,103
literal_search,139,200,61.84673300003851,103
literal_search,140,200,53.13683700001093,103
literal_search,141,200,42.77266799999779,103
literal_search,142,200,63.09998100005032,103
literal_search,143,200,58.241041000087534,103
literal_search,144,200,58.41737200000807,103
literal_search,145,200,57.98368399996434,103
literal_search,146,200,41.45389500001784,103
literal_search,147,200,58.86428899998464,103
literal_search,148,200,46.262306999892644,103
literal_search,149,200,49.297076000016204,103
literal_search,150,200,63.32947900000363,103
literal_search,151,200,33.41180899997198,103
literal_search,152,200,56.32815399997071,103
literal_search,153,200,54.15165500005514,103
literal_search,154,200,49.35218299999633,103
literal_search,155,200,48.92892700001994,103
literal_search,156,200,71.88528100004987,103
literal_search,157,200,81.03021399995214,103
literal_search,158,200,72.92705700001534,103
literal_search,159,200,69.91734400003224,103
literal_search,160,200,61.45930299999236,103
literal_search,161,200,46.5493780000088,103
literal_search,162,200,34.848333000013554,103
literal_search,163,200,50.13103900000715,103
literal_search,164,200,64.15589899995666,103
literal_search,165,200,56.29524699998001,103
literal_search,166,200,81.15349999991395,103
literal_search,167,200,49.229786000069,103
literal_search,168,200,55.664496000076724,103
literal_search,169,200,73.94849699994666,103
literal_search,170,200,31.103334000022187,103
literal_search,171,200,54.90011799997774,103
literal_search,172,200,70.87268400005087,103
literal_search,173,200,71.49285099990266,103
literal_search,174,200,66.679229999977,103
literal_search,175,200,46.96554100007688,103
literal_search,176,200,54.32381399998576,103
literal_search,177,200,38.371750999999676,103
literal_search,178,200,37.96051799997713,103
literal_search,179,200,40.125750000015614,103
literal_search,180,200,44.328753000058896,103
literal_search,181,200,54.53070299995488,103
literal_search,182,200,54.40892600006464,103
literal_search,183,200,59.86201599989727,103
literal_search,184,200,38.518828999940524,103
literal_search,185,200,64.79308899997704,103
literal_search,186,200,55.403492999971604,103
literal_search,187,200,72.22365499990246,103
literal_search,188,200,60.31584400000156,103
literal_search,189,200,66.72507099995073,103
literal_search,190,200,45.0394500001039,103
literal_search,191,200,75.85923399994954,103
literal_search,192,200,73.81452900006025,103
literal_search,193,200,37.28452899997592,103
literal_search,194,200,49.60049499993602,103
literal_search,195,200,65.52441400003772,103
literal_search,196,200,57.49892999995154,103
literal_search,197,200,77.69878199997038,103
literal_search,198,200,70.99901399999453,103
literal_search,199,200,37.82445000001644,103
literal_search,200,200,54.25870799990662,103
literal_search,201,200,69.12768799998048,103
literal_search,202,200,81.43608700004279,103
literal_search,203,200,66.53719899998123,103
literal_search,204,200,59.469954999940455,103
literal_search,205,200,67.90582700000414,103
literal_search,206,200,62.21522099997401,103
literal_search,207,200,77.77606599995579,103
literal_search,208,200,54.33312999991813,103
literal_search,209,200,47.55080200004613,103
literal_search,210,200,65.60242199998356,103
literal_search,211,200,34.82947499992406,103
literal_search,212,200,54.415404999986094,103
literal_search,213,200,65.44616999997288,103
literal_search,214,200,52.15016800002559,103
literal_search,215,200,56.419702000084726,103
literal_search,216,200,51.92059299997709,103
literal_search,217,200,64.95892499992806,103
literal_search,218,200,61.40409800002544,103
literal_search,219,200,67.26683900001262,103
literal_search,220,200,53.22197899999992,103
literal_search,221,200,51.514298999904895,103
literal_search,222,200,23.51331800002754,103
literal_search,223,200,44.2584900000611,103
literal_search,224,200,60.48277299998972,103
literal_search,225,200,71.49675000005118,103
literal_search,226,200,97.72658700001102,103
literal_search,227,200,59.300341000039225,103
literal_search,228,200,92.42719200005922,103
literal_search,229,200,78.08332300010079,103
literal_search,230,200,78.84349200003271,103
literal_search,231,200,72.74160800000118,103
literal_search,232,200,60.038656999950035,103
literal_search,233,200,34.295547000056104,103
literal_search,234,200,44.77947199995924,103
literal_search,235,200,70.4328549999218,103
literal_search,236,200,58.83543799996005,103
literal_search,237,200,46.69710199993915,103
literal_search,238,200,80.05968299994493,103
literal_search,239,200,82.94465099993431,103
literal_search,240,200,89.59574400000747,103
literal_search,241,200,52.18812999999045,103
literal_search,242,200,76.79543699998703,103
literal_search,243,200,76.48102799998924,103
literal_search,244,200,60.69724999997561,103
literal_search,245,200,63.66690400000152,103
literal_search,246,200,55.98748400007025,103
literal_search,247,200,54.40220000002682,103
literal_search,248,200,50.42885099999239,103
literal_search,249,200,57.50323200004459,103
literal_search,250,200,81.33857499990427,103
literal_search,251,200,84.38974700004565,103
literal_search,252,200,75.00281499994799,103
literal_search,253,200,71.5935509999781,103
literal_search,254,200,66.8904780000048,103
literal_search,255,200,65.12939900005676,103
literal_search,256,200,61.111503999995875,103
literal_search,257,200,67.63782799998808,103
literal_search,258,200,48.98806199992123,103
literal_search,259,200,59.450221000020065,103
literal_search,260,200,58.13145000001896,103
literal_search,261,200,47.47198799998387,103
literal_search,262,200,68.54890900001465,103
literal_search,263,200,68.8156030000755,103
literal_search,264,200,48.20127899995441,103
literal_search,265,200,53.312431999984256,103
literal_search,266,200,68.66978299990478,103
literal_search,267,200,56.44820699990305,103
literal_search,268,200,56.30789800000002,103
literal_search,269,200,65.04666700004691,103
literal_search,270,200,73.74123300007795,103
literal_search,271,200,54.5845049999798,103
literal_search,272,200,59.53787500004637,103
literal_search,273,200,70.41140199999063,103
literal_search,274,200,58.7895710000339,103
literal_search,275,200,51.54027699995822,103
literal_search,276,200,54.30844199997864,103
literal_search,277,200,58.327711000060845,103
literal_search,278,200,52.74588000008862,103
literal_search,279,200,73.56222800001433,103
literal_search,280,200,46.23265000009269,103
literal_search,281,200,49.95301099995686,103
literal_search,282,200,62.246467000022676,103
literal_search,283,200,52.61356800008343,103
literal_search,284,200,51.93344600002092,103
literal_search,285,200,77.05258400005732,103
literal_search,286,200,63.35784499992769,103
literal_search,287,200,59.7822490000226,103
literal_search,288,200,67.84763300004215,103
literal_search,289,200,54.83827000000474,103
literal_search,290,200,54.91988300002504,103
literal_search,291,200,54.85044599993216,103
literal_search,292,200,75.01643599994168,103
literal_search,293,200,79.53120600006969,103
literal_search,294,200,70.49613300000601,103
literal_search,295,200,70.3808170000002,103
literal_search,296,200,63.806676000012885,103
literal_search,297,200,54.23823900002844,103
literal_search,298,200,57.24615899998753,103
literal_search,299,200,45.20383899989611,103
literal_search,300,200,35.200841999994736,103
stock_sort,1,200,47.33514299994113,78
stock_sort,2,200,42.82042599993474,78
stock_sort,3,200,29.09830599992347,78
stock_sort,4,200,49.64444799998091,78
stock_sort,5,200,37.18724299994847,78
stock_sort,6,200,41.80395499997758,78
stock_sort,7,200,52.43094399997972,78
stock_sort,8,200,28.53037200009112,78
stock_sort,9,200,48.23988600003304,78
stock_sort,10,200,42.93054300001131,78
stock_sort,11,200,38.00348800007214,78
stock_sort,12,200,56.947414999967805,78
stock_sort,13,200,47.551356999974814,78
stock_sort,14,200,45.01972500008833,78
stock_sort,15,200,49.696484000037344,78
stock_sort,16,200,52.4016169999868,78
stock_sort,17,200,60.93965999991724,78
stock_sort,18,200,56.12261100009164,78
stock_sort,19,200,42.078693999997085,78
stock_sort,20,200,32.83637499998804,78
stock_sort,21,200,44.76379899995209,78
stock_sort,22,200,46.40500300001804,78
stock_sort,23,200,44.07723399992847,78
stock_sort,24,200,42.22097000001668,78
stock_sort,25,200,58.543187999930524,78
stock_sort,26,200,48.7789139999677,78
stock_sort,27,200,45.16597700001057,78
stock_sort,28,200,48.02137000001494,78
stock_sort,29,200,49.04612200004976,78
stock_sort,30,200,38.5287450000078,78
stock_sort,31,200,138.07180599997082,78
stock_sort,32,200,127.3283599999786,78
stock_sort,33,200,128.02140000007967,78
stock_sort,34,200,121.74904899995909,78
stock_sort,35,200,102.53313799989883,78
stock_sort,36,200,104.72031099993728,78
stock_sort,37,200,109.83555099994646,78
stock_sort,38,200,113.08007599996017,78
stock_sort,39,200,114.05362699997568,78
stock_sort,40,200,111.85884799999712,78
stock_sort,41,200,51.35950899989439,78
stock_sort,42,200,46.75756599999659,78
stock_sort,43,200,57.441283999992265,78
stock_sort,44,200,49.73888799997894,78
stock_sort,45,200,47.2554630000559,78
stock_sort,46,200,46.478425000032075,78
stock_sort,47,200,54.46005700002843,78
stock_sort,48,200,45.54600200003733,78
stock_sort,49,200,32.49762300004022,78
stock_sort,50,200,45.584271999928205,78
stock_sort,51,200,42.98931000005268,78
stock_sort,52,200,44.588460999989366,78
stock_sort,53,200,48.5002909999821,78
stock_sort,54,200,59.77976500003024,78
stock_sort,55,200,75.81104600001254,78
stock_sort,56,200,47.283631000027526,78
stock_sort,57,200,62.95436899995366,78
stock_sort,58,200,43.307422999987466,78
stock_sort,59,200,61.94112499997573,78
stock_sort,60,200,69.4789279999668,78
stock_sort,61,200,49.52206500001921,78
stock_sort,62,200,50.3283459999011,78
stock_sort,63,200,36.337010000011105,78
stock_sort,64,200,36.64733100004014,78
stock_sort,65,200,76.58326599994325,78
stock_sort,66,200,54.910244999973656,78
stock_sort,67,200,58.88792500002182,78
stock_sort,68,200,46.55892200003109,78
stock_sort,69,200,63.84502700007033,78
stock_sort,70,200,27.84068300002218,78
stock_sort,71,200,62.03554299997904,78
stock_sort,72,200,51.629183999921224,78
stock_sort,73,200,57.78657199994086,78
stock_sort,74,200,61.90314100001615,78
stock_sort,75,200,50.14590799999041,78
stock_sort,76,200,41.454584000007344,78
stock_sort,77,200,44.597004000024754,78
stock_sort,78,200,54.76608900005431,78
stock_sort,79,200,59.66388100000586,78
stock_sort,80,200,56.08597800005555,78
stock_sort,81,200,49.92208499993467,78
stock_sort,82,200,51.300474999948165,78
stock_sort,83,200,50.15588300000218,78
stock_sort,84,200,47.11956599999212,78
stock_sort,85,200,39.435918999970454,78
stock_sort,86,200,35.02725500004544,78
stock_sort,87,200,35.703011999999035,78
stock_sort,88,200,48.865254000020286,78
stock_sort,89,200,36.82728000001134,78
stock_sort,90,200,60.81482900003721,78
stock_sort,91,200,48.83776700000908,78
stock_sort,92,200,40.56063899997753,78
stock_sort,93,200,35.89709999994284,78
stock_sort,94,200,41.449075000059565,78
stock_sort,95,200,48.36014299996805,78
stock_sort,96,200,47.99419099992974,78
stock_sort,97,200,52.709649999997055,78
stock_sort,98,200,33.45250799998212,78
stock_sort,99,200,36.45364700003029,78
stock_sort,100,200,58.320824000020366,78
stock_sort,101,200,56.44583500009048,78
stock_sort,102,200,32.93980000000829,78
stock_sort,103,200,57.33469700010119,78
stock_sort,104,200,68.7474100000145,78
stock_sort,105,200,72.41298999997525,78
stock_sort,106,200,52.51694399998996,78
stock_sort,107,200,60.45187899997018,78
stock_sort,108,200,62.45987399995556,78
stock_sort,109,200,57.79414699998142,78
stock_sort,110,200,57.96475800002554,78
stock_sort,111,200,44.14171600001282,78
stock_sort,112,200,57.9928289999998,78
stock_sort,113,200,51.9788400000607,78
stock_sort,114,200,56.86569499994221,78
stock_sort,115,200,46.561792000034075,78
stock_sort,116,200,51.020743999970364,78
stock_sort,117,200,48.96730699999807,78
stock_sort,118,200,46.418964000054075,78
stock_sort,119,200,41.53168100003768,78
stock_sort,120,200,44.02594800001225,78
stock_sort,121,200,37.18687800005682,78
stock_sort,122,200,36.5615619999744,78
stock_sort,123,200,46.52568899996368,78
stock_sort,124,200,65.5016110000588,78
stock_sort,125,200,41.3866420000204,78
stock_sort,126,200,50.40934800001651,78
stock_sort,127,200,39.16838899999675,78
stock_sort,128,200,43.331348000037906,78
stock_sort,129,200,53.62182900000789,78
stock_sort,130,200,39.746995999962564,78
stock_sort,131,200,40.081400999952166,78
stock_sort,132,200,46.553819999985535,78
stock_sort,133,200,42.07772799998111,78
stock_sort,134,200,49.719218999939585,78
stock_sort,135,200,61.12036599995463,78
stock_sort,136,200,49.60390499991263,78
stock_sort,137,200,56.73524200005886,78
stock_sort,138,200,65.57047999990573,78
stock_sort,139,200,66.91805499997372,78
stock_sort,140,200,33.880761999967035,78
stock_sort,141,200,36.180020000074364,78
stock_sort,142,200,46.168696999984604,78
stock_sort,143,200,43.818938000072194,78
stock_sort,144,200,43.40360000003329,78
stock_sort,145,200,35.28428799995709,78
stock_sort,146,200,52.65581100002237,78
stock_sort,147,200,34.39035999997486,78
stock_sort,148,200,44.19104900000548,78
stock_sort,149,200,31.23767699992186,78
stock_sort,150,200,50.317484000061086,78
stock_sort,151,200,50.931770000033794,78
stock_sort,152,200,52.23482300004889,78
stock_sort,153,200,37.41014399997766,78
stock_sort,154,200,29.603868999970473,78
stock_sort,155,200,37.74424700009149,78
stock_sort,156,200,41.49315600000136,78
stock_sort,157,200,43.325037000045086,78
stock_sort,158,200,31.237670999985312,78
stock_sort,159,200,36.1046069999702,78
stock_sort,160,200,39.65963699999975,78
stock_sort,161,200,30.88988500007872,78
stock_sort,162,200,53.802299000039966,78
stock_sort,163,200,53.093243999910555,78
stock_sort,164,200,42.48742000004313,78
stock_sort,165,200,37.281272000086574,78
stock_sort,166,200,48.359504000018205,78
stock_sort,167,200,43.83627200002138,78
stock_sort,168,200,43.049023999969904,78
stock_sort,169,200,38.911293999944974,78
stock_sort,170,200,30.26622699997006,78
stock_sort,171,200,31.945289999953275,78
stock_sort,172,200,46.671927000033975,78
stock_sort,173,200,31.360864000021138,78
stock_sort,174,200,30.58341400003428,78
stock_sort,175,200,20.516674999953466,78
stock_sort,176,200,39.40397700000631,78
stock_sort,177,200,47.21939499995642,78
stock_sort,178,200,58.76002700006211,78
stock_sort,179,200,47.385810000037054,78
stock_sort,180,200,53.137192000008326,78
stock_sort,181,200,30.884933000038473,78
stock_sort,182,200,60.451366000052076,78
stock_sort,183,200,51.03342099994279,78
stock_sort,184,200,37.36738099996728,78
stock_sort,185,200,46.903509000003396,78
stock_sort,186,200,45.51311199998054,78
stock_sort,187,200,46.506127999919045,78
stock_sort,188,200,42.77441900001122,78
stock_sort,189,200,37.58601300000919,78
stock_sort,190,200,40.4479620000302,78
stock_sort,191,200,29.45684299993445,78
stock_sort,192,200,32.49621199995545,78
stock_sort,193,200,36.652600000024904,78
stock_sort,194,200,42.73862899992764,78
stock_sort,195,200,42.716920999964714,78
stock_sort,196,200,55.073236999987785,78
stock_sort,197,200,47.981406999952014,78
stock_sort,198,200,34.471887999984574,78
stock_sort,199,200,53.47524700005124,78
stock_sort,200,200,31.817782999951305,78
stock_sort,201,200,45.52851100004318,78
stock_sort,202,200,38.6411900000212,78
stock_sort,203,200,34.19048500006738,78
stock_sort,204,200,39.79944100001376,78
stock_sort,205,200,64.75655000008373,78
stock_sort,206,200,48.21035899999515,78
stock_sort,207,200,54.464350999978706,78
stock_sort,208,200,45.06185899992943,78
stock_sort,209,200,60.23558799995499,78
stock_sort,210,200,48.13285199998063,78
stock_sort,211,200,60.030210999912015,78
stock_sort,212,200,53.808143000082964,78
stock_sort,213,200,42.20948599993335,78
stock_sort,214,200,42.67189500001223,78
stock_sort,215,200,37.79556000006323,78
stock_sort,216,200,38.19709000003968,78
stock_sort,217,200,54.27177000001393,78
stock_sort,218,200,50.393595999935314,78
stock_sort,219,200,49.90583300002527,78
stock_sort,220,200,62.473271000044406,78
stock_sort,221,200,64.99876400005178,78
stock_sort,222,200,54.640874000028816,78
stock_sort,223,200,46.0560889999897,78
stock_sort,224,200,38.4110499999224,78
stock_sort,225,200,57.22433500000079,78
stock_sort,226,200,55.848357999934706,78
stock_sort,227,200,49.53865599998153,78
stock_sort,228,200,45.282380000003286,78
stock_sort,229,200,54.71468200005347,78
stock_sort,230,200,58.66133899996839,78
stock_sort,231,200,60.46041299998706,78
stock_sort,232,200,45.24947099992005,78
stock_sort,233,200,60.25003599995671,78
stock_sort,234,200,37.903394999943885,78
stock_sort,235,200,48.85582600002181,78
stock_sort,236,200,61.73674100000426,78
stock_sort,237,200,40.09154799996395,78
stock_sort,238,200,36.75504799991813,78
stock_sort,239,200,52.007723000087935,78
stock_sort,240,200,58.521358999996664,78
stock_sort,241,200,56.26367100001062,78
stock_sort,242,200,53.69540499998493,78
stock_sort,243,200,50.035460000003695,78
stock_sort,244,200,56.06535399999757,78
stock_sort,245,200,49.894416000029196,78
stock_sort,246,200,55.757731999960924,78
stock_sort,247,200,51.583089000018845,78
stock_sort,248,200,46.57609099990623,78
stock_sort,249,200,41.15992499998811,78
stock_sort,250,200,36.93070299993906,78
stock_sort,251,200,44.37588100006451,78
stock_sort,252,200,47.44714499997826,78
stock_sort,253,200,45.452529000044706,78
stock_sort,254,200,59.561045999998896,78
stock_sort,255,200,59.9335690000089,78
stock_sort,256,200,38.52472099993065,78
stock_sort,257,200,41.54411299998628,78
stock_sort,258,200,45.4098799999656,78
stock_sort,259,200,61.565406999989136,78
stock_sort,260,200,44.5159750000812,78
stock_sort,261,200,42.80455800005711,78
stock_sort,262,200,51.422883999975966,78
stock_sort,263,200,53.276524000011705,78
stock_sort,264,200,51.8267410000135,78
stock_sort,265,200,42.623579999940375,78
stock_sort,266,200,44.719866000036745,78
stock_sort,267,200,51.5739620000204,78
stock_sort,268,200,42.65982599997642,78
stock_sort,269,200,42.41651300003468,78
stock_sort,270,200,43.88146799999504,78
stock_sort,271,200,64.00243899997804,78
stock_sort,272,200,26.016862000005858,78
stock_sort,273,200,41.71322100000907,78
stock_sort,274,200,44.88520699999299,78
stock_sort,275,200,63.52109199997358,78
stock_sort,276,200,55.41541200000211,78
stock_sort,277,200,49.47839200008275,78
stock_sort,278,200,45.2088320000712,78
stock_sort,279,200,48.135632999901645,78
stock_sort,280,200,43.55593200000385,78
stock_sort,281,200,43.945754999981546,78
stock_sort,282,200,49.03251400003228,78
stock_sort,283,200,36.87413300008302,78
stock_sort,284,200,61.710921999974744,78
stock_sort,285,200,37.32123899999351,78
stock_sort,286,200,49.29654400007166,78
stock_sort,287,200,45.86219299994809,78
stock_sort,288,200,50.253881000003275,78
stock_sort,289,200,45.47685299996829,78
stock_sort,290,200,43.97203700000318,78
stock_sort,291,200,40.32540900004733,78
stock_sort,292,200,40.35819299997456,78
stock_sort,293,200,49.190345999932106,78
stock_sort,294,200,41.86009600005036,78
stock_sort,295,200,35.00306300009015,78
stock_sort,296,200,35.99255100004939,78
stock_sort,297,200,39.53813399994033,78
stock_sort,298,200,37.44602300002953,78
stock_sort,299,200,35.847427000021526,78
stock_sort,300,200,35.928720000015346,78
